Sample,ROI,CV,Rho
2009_213_L,ROI_111,0.0361399144318209,0.8634206070535975
2009_213_L,ROI_112,0.06553380285811147,0.8488345858897385
2009_213_L,ROI_113,0.011923498224975255,0.9046224478843807
2009_213_L,ROI_114,0.008068867247340548,0.9087886308328204
2009_213_L,ROI_121,0.02918053527891906,0.8899991895438008
2009_213_L,ROI_122,0.012545414976195404,0.8854058742741489
2009_213_L,ROI_123,0.015559020159879446,0.8875941060120517
2009_213_L,ROI_124,0.01981815909798466,0.9003555055165782
2009_213_L,ROI_211,0.026240116353396487,0.9221129688324831
2009_213_L,ROI_212,0.018002712592527028,0.9279438726225705
2009_213_L,ROI_213,0.026532918822512144,0.9004496936694609
2009_213_L,ROI_214,0.01995755999074574,0.9149612404798777
2009_213_L,ROI_221,0.03383280024262941,0.8942814648667238
2009_213_L,ROI_222,0.015876819921894384,0.9185031531126994
2009_213_L,ROI_223,0.015923246651488882,0.9266405714373331
2009_213_L,ROI_224,0.014083942304862436,0.9258761141034711
2009_213_M,ROI_111,0.03657889543918224,0.903654281289633
2009_213_M,ROI_112,0.029410248696798164,0.8990565851756609
2009_213_M,ROI_113,0.03823122003497111,0.9133228047041506
2009_213_M,ROI_114,0.01565156604723187,0.9285046206955466
2009_213_M,ROI_121,0.05381273050665892,0.8805212328572086
2009_213_M,ROI_122,0.046451682794256134,0.8777766338906497
2009_213_M,ROI_123,0.06725632230850202,0.8500787456766543
2009_213_M,ROI_124,0.027339493084693352,0.8733585523938029
2009_213_M,ROI_211,0.00923830372824951,0.931299599371787
2009_213_M,ROI_212,0.021065183853863793,0.9214667942952646
2009_213_M,ROI_213,0.012617278340473822,0.9320487237505284
2009_213_M,ROI_214,0.02261899113526134,0.9323619541194175
2009_213_M,ROI_221,0.023435835207144005,0.914869242749155
2009_213_M,ROI_222,0.016745459037774288,0.9314354055457108
2009_213_M,ROI_223,0.017217060628449903,0.9196334109472919
2009_213_M,ROI_224,0.0167942419923033,0.9285571908273882
2009_214_L,ROI_111,0.04347624753285637,0.8826174668643888
2009_214_L,ROI_112,0.025462541147376512,0.8898502408369166
2009_214_L,ROI_113,0.03859235223042829,0.8687455233247103
2009_214_L,ROI_114,0.039393234842665215,0.8672253703456267
2009_214_L,ROI_121,0.030957352113867687,0.8894953924469863
2009_214_L,ROI_122,0.04931079976292933,0.8567179152438049
2009_214_L,ROI_123,0.0381279538524166,0.8604000148948707
2009_214_L,ROI_124,0.02150334390701455,0.8882183763276696
2009_214_L,ROI_211,0.059739081251363936,0.8491456258364675
2009_214_L,ROI_212,0.025678552896300423,0.8786111847336338
2009_214_L,ROI_213,0.03893915193085965,0.8805497083452893
2009_214_L,ROI_214,0.03393422672841241,0.8904219410206929
2009_214_L,ROI_221,0.0250984393936639,0.8966449303774316
2009_214_L,ROI_222,0.057590484373448124,0.8624130128599685
2009_214_L,ROI_223,0.031877872312729094,0.8487623019584565
2009_214_L,ROI_224,0.04437038512365245,0.8789068917252422
2009_214_M,ROI_111,0.013887443502853489,0.901847183007581
2009_214_M,ROI_112,0.09438315771544355,0.8423794117840331
2009_214_M,ROI_113,0.0366723047495259,0.8765521879031746
2009_214_M,ROI_114,0.0348002533932257,0.8694530296824107
2009_214_M,ROI_121,0.07699857741109059,0.8287155583495607
2009_214_M,ROI_122,0.07193681906005253,0.8467865411700797
2009_214_M,ROI_123,0.029678170198519985,0.8742084361919072
2009_214_M,ROI_124,0.02447920542421501,0.8858724341942422
2009_214_M,ROI_211,0.05876219724238851,0.8336177231437815
2009_214_M,ROI_212,0.10083538969430006,0.8257212512567547
2009_214_M,ROI_213,0.03302409841057389,0.8264440905695755
2009_214_M,ROI_214,0.03074939244703932,0.8668332847789755
2009_214_M,ROI_221,0.042220395461270946,0.8531628600780229
2009_214_M,ROI_222,0.05111979498220032,0.8267836060043853
2009_214_M,ROI_223,0.035073556769865795,0.8474568103510589
2009_214_M,ROI_224,0.07537178794037291,0.8119369246034789
2009_215_L,ROI_111,0.044361353912167036,0.8656329334352609
2009_215_L,ROI_112,0.01842806382792542,0.8932913940503753
2009_215_L,ROI_113,0.031038154081107213,0.8855241570707922
2009_215_L,ROI_114,0.023912880917959466,0.8986031677885279
2009_215_L,ROI_121,0.020205410260916143,0.9248093785115206
2009_215_L,ROI_122,0.043636755447501833,0.8794369738879775
2009_215_L,ROI_123,0.014885938188263769,0.9182293503426916
2009_215_L,ROI_124,0.011772464338446248,0.9223977237132913
2009_215_L,ROI_211,0.03974437344601122,0.915528559819334
2009_215_L,ROI_212,0.01944881261459337,0.9280249182424929
2009_215_L,ROI_213,0.017649685649171142,0.9238894012042941
2009_215_L,ROI_214,0.020709846710015144,0.923120563026112
2009_215_L,ROI_221,0.0188169738925296,0.9171275679961799
2009_215_L,ROI_222,0.020653925755937726,0.9228971399657856
2009_215_L,ROI_223,0.026856946126620092,0.9291529856549253
2009_215_L,ROI_224,0.017164131847528165,0.9389156972223257
2009_215_M,ROI_111,0.03858114388091418,0.9119735046535519
2009_215_M,ROI_112,0.01575804467831931,0.9072684778537368
2009_215_M,ROI_113,0.03166598298594833,0.8835922047256167
2009_215_M,ROI_114,0.029144342961600515,0.8924831282733121
2009_215_M,ROI_121,0.03217326297224395,0.9015405239051723
2009_215_M,ROI_122,0.02433813835409063,0.908146837139922
2009_215_M,ROI_123,0.03197012905563953,0.8864353726893784
2009_215_M,ROI_124,0.028508583197660812,0.8814390197422749
2009_215_M,ROI_211,0.031929631468599805,0.8880497138213448
2009_215_M,ROI_212,0.033441307428614356,0.9077043718635893
2009_215_M,ROI_213,0.027162204095524323,0.9124488262622855
2009_215_M,ROI_214,0.027970235430300836,0.9251642269014507
2009_215_M,ROI_221,0.010821024751298687,0.9425255129421093
2009_215_M,ROI_222,0.01811057722268853,0.936736227173063
2009_215_M,ROI_223,0.011536495202372815,0.9323510020086171
2009_215_M,ROI_224,0.013607681695106174,0.9418442916503298
2009_222_L,ROI_111,0.028186176415343867,0.89972247351232
2009_222_L,ROI_112,0.017774053790084683,0.916330254329917
2009_222_L,ROI_113,0.030229944335907102,0.9134367066564739
2009_222_L,ROI_114,0.028303727670099456,0.9057461344524931
2009_222_L,ROI_121,0.03996536923763184,0.8956570499832432
2009_222_L,ROI_122,0.02282010430060552,0.9196837906569734
2009_222_L,ROI_123,0.019101266345903516,0.9267939009885375
2009_222_L,ROI_124,0.014580117937741197,0.9056979451649716
2009_222_L,ROI_211,0.05741356147186543,0.8926101727585958
2009_222_L,ROI_212,0.04134027881577443,0.9077722749505512
2009_222_L,ROI_213,0.035689048464259104,0.8834191613749718
2009_222_L,ROI_214,0.08857111284711686,0.8712645088087827
2009_222_L,ROI_221,0.06325658618679673,0.856126501260588
2009_222_L,ROI_222,0.09114237460521823,0.8823721395824617
2009_222_L,ROI_223,0.05534446829002334,0.8714419330037478
2009_222_L,ROI_224,0.030378668857204104,0.8793252623578143
2009_222_M,ROI_111,0.023839759066900286,0.9046772084383823
2009_222_M,ROI_112,0.027992721653987866,0.8989339215346974
2009_222_M,ROI_113,0.02256533042053421,0.8992274381041458
2009_222_M,ROI_114,0.025923913571427818,0.9022370781520722
2009_222_M,ROI_121,0.019302775960911643,0.9049575824748703
2009_222_M,ROI_122,0.02160232525227769,0.8952671548387521
2009_222_M,ROI_123,0.023699496779084984,0.9125101580827673
2009_222_M,ROI_124,0.0163409337850934,0.9076671346868682
2009_222_M,ROI_211,0.0348744942365808,0.910411733653427
2009_222_M,ROI_212,0.01757705558921801,0.9106285854472732
2009_222_M,ROI_213,0.020856697666276066,0.9148188630394736
2009_222_M,ROI_214,0.018262376320038406,0.9198546435854582
2009_222_M,ROI_221,0.04119589461066103,0.9197341703666547
2009_222_M,ROI_222,0.0407241310149576,0.9055928049012886
2009_222_M,ROI_223,0.02663194675450583,0.9114543746016169
2009_222_M,ROI_224,0.030543730603454628,0.9118201751023475
2009_229_L,ROI_111,0.027559186120485996,0.8295698229919852
2009_229_L,ROI_112,0.03670846959197866,0.807310753001426
2009_229_L,ROI_113,0.04855472346543843,0.8194237875465739
2009_229_L,ROI_114,0.048880246374653186,0.8397552860362778
2009_229_L,ROI_121,0.035003768869822316,0.8427101655302026
2009_229_L,ROI_122,0.037685961169952646,0.8620384506705977
2009_229_L,ROI_123,0.026824043905659255,0.865808167208066
2009_229_L,ROI_124,0.041521706715612,0.8599049794866964
2009_229_L,ROI_211,0.03558745557047676,0.8851824512138224
2009_229_L,ROI_212,0.02389474917531862,0.891780002759932
2009_229_L,ROI_213,0.022371486487818944,0.8606453421767978
2009_229_L,ROI_214,0.06444062335743596,0.8792683113816526
2009_229_L,ROI_221,0.029452559150636503,0.8603233501192685
2009_229_L,ROI_222,0.041241329531065234,0.8814959707184366
2009_229_L,ROI_223,0.03507127189501638,0.8488083008238178
2009_229_L,ROI_224,0.019157922282602616,0.8701298701298701
2009_229_M,ROI_111,0.010863535788141343,0.88614185611993
2009_229_M,ROI_112,0.017347359762322646,0.8901919466938863
2009_229_M,ROI_113,0.024689967515582355,0.8688112359895123
2009_229_M,ROI_114,0.02754880115359045,0.8626517688754154
2009_229_M,ROI_121,0.019416979717947896,0.9029182994438518
2009_229_M,ROI_122,0.045924301071769216,0.8778335848668114
2009_229_M,ROI_123,0.06811277844770922,0.8532088589433842
2009_229_M,ROI_124,0.04032642016197422,0.8898787163249973
2009_229_M,ROI_211,0.040065603852952936,0.8602642087209468
2009_229_M,ROI_212,0.04558471786490288,0.8473034807998545
2009_229_M,ROI_213,0.021081814780924232,0.872423242131456
2009_229_M,ROI_214,0.031008989554750194,0.857451706667426
2009_229_M,ROI_221,0.047899153311342105,0.8821947153874966
2009_229_M,ROI_222,0.03538722193598952,0.8858746246164023
2009_229_M,ROI_223,0.025896235665823886,0.8961082769482163
2009_229_M,ROI_224,0.05455695657868548,0.8812769285024302
2009_230_L,ROI_111,0.011234378789015603,0.9376583949024495
2009_230_L,ROI_112,0.019955772727506916,0.9234600784609218
2009_230_L,ROI_113,0.012619201989679878,0.9311506506649027
2009_230_L,ROI_114,0.014357279975434189,0.9308198969187331
2009_230_L,ROI_121,0.0190967060637567,0.9139317420646481
2009_230_L,ROI_122,0.02108197250978513,0.9144377295836227
2009_230_L,ROI_123,0.024062543434842786,0.910238690302782
2009_230_L,ROI_124,0.02188945291545898,0.9285330961836274
2009_230_L,ROI_211,0.005486955916389961,0.9648809615077114
2009_230_L,ROI_212,0.020151072735319877,0.9549364449010258
2009_230_L,ROI_213,0.01704577584230283,0.9438507183489474
2009_230_L,ROI_214,0.007571815752106529,0.9542793182530069
2009_230_L,ROI_221,0.008424209978412305,0.9542552236092462
2009_230_L,ROI_222,0.01025192059611895,0.9511448241419569
2009_230_L,ROI_223,0.005486226140536409,0.9653672352272453
2009_230_L,ROI_224,0.008885073736279777,0.9575211430499
2009_230_M,ROI_111,0.021219513597408285,0.9223144876712088
2009_230_M,ROI_112,0.019359158369333346,0.9068829635535657
2009_230_M,ROI_113,0.0247739640134293,0.9112134281640101
2009_230_M,ROI_114,0.01593532124191118,0.9188689536134299
2009_230_M,ROI_121,0.027779578020530212,0.9127182481879733
2009_230_M,ROI_122,0.026480935556144555,0.8951685858415492
2009_230_M,ROI_123,0.0355255443044313,0.8715602158003912
2009_230_M,ROI_124,0.027349797728501712,0.8906059364821381
2009_230_M,ROI_211,0.010997444916673068,0.9446655553924908
2009_230_M,ROI_212,0.019249699576829683,0.9219574488591186
2009_230_M,ROI_213,0.021758597249422622,0.9150510477884403
2009_230_M,ROI_214,0.030908988251674617,0.9146699143325894
2009_230_M,ROI_221,0.09010777386977907,0.8684848630876629
2009_230_M,ROI_222,0.05264421819948563,0.8829679344099989
2009_230_M,ROI_223,0.02365005497471762,0.8879708586235825
2009_230_M,ROI_224,0.03497336359783368,0.9131037624881443
2009_232_L,ROI_111,0.03566900599835311,0.8932125388526131
2009_232_L,ROI_112,0.01994864356073205,0.9071107674582122
2009_232_L,ROI_113,0.04483620826762569,0.8870574525828363
2009_232_L,ROI_114,0.022207178791616388,0.8941894671360011
2009_232_L,ROI_121,0.05030837945422716,0.860686960197839
2009_232_L,ROI_122,0.02811963107548816,0.9038798947721194
2009_232_L,ROI_123,0.020286177387053173,0.9038492288618786
2009_232_L,ROI_124,0.01510075682476037,0.9120041705637928
2009_232_L,ROI_211,0.016374567045665242,0.922491911866174
2009_232_L,ROI_212,0.026279633292689723,0.9202489195742696
2009_232_L,ROI_213,0.011624709518817097,0.9222356324734466
2009_232_L,ROI_214,0.020508489073614918,0.9159885484729472
2009_232_L,ROI_221,0.010451320029537142,0.9229694238970677
2009_232_L,ROI_222,0.043411679414233705,0.9180081177045252
2009_232_L,ROI_223,0.01984042159360064,0.9243231047919865
2009_232_L,ROI_224,0.03657417905406528,0.895753428558286
2009_232_M,ROI_111,0.005163446446825723,0.9369946969879505
2009_232_M,ROI_112,0.012356495091494212,0.9285988088484294
2009_232_M,ROI_113,0.013180751257275275,0.9259615405677136
2009_232_M,ROI_114,0.007643745119431803,0.9350561733762948
2009_232_M,ROI_121,0.01112788862415112,0.9288748020405972
2009_232_M,ROI_122,0.029839419652499224,0.9242354879055841
2009_232_M,ROI_123,0.017516448474042802,0.9100043151316554
2009_232_M,ROI_124,0.011918602149648303,0.9251554652128104
2009_232_M,ROI_211,0.03174858245963893,0.9254336488271384
2009_232_M,ROI_212,0.038346965095720005,0.9328526086832716
2009_232_M,ROI_213,0.028016805645638177,0.9241807273515825
2009_232_M,ROI_214,0.015431642354918751,0.936766893083304
2009_232_M,ROI_221,0.033991674138787606,0.918978474721433
2009_232_M,ROI_222,0.04085177643794765,0.9214558421844642
2009_232_M,ROI_223,0.016459878128535013,0.9359849123721615
2009_232_M,ROI_224,0.02624950649399538,0.9197035044564139
2010_013_L,ROI_111,0.05065339763657069,0.8716784985970346
2010_013_L,ROI_112,0.11464705213472577,0.8079547371164845
2010_013_L,ROI_113,0.05985384635368561,0.8000056950976162
2010_013_L,ROI_114,0.07202978543745994,0.818420574197265
2010_013_L,ROI_121,0.04699724097978242,0.8111899906468973
2010_013_L,ROI_122,0.06958434616515302,0.8462696015403048
2010_013_L,ROI_123,0.046883718164948046,0.8748699436842463
2010_013_L,ROI_124,0.06271682045270914,0.8397377626589972
2010_013_L,ROI_211,0.04531015560813177,0.8713521256951853
2010_013_L,ROI_212,0.10528862093453994,0.8239951985946251
2010_013_L,ROI_213,0.07731927230055267,0.8698889236922632
2010_013_L,ROI_214,0.06895432840633182,0.8337973377609067
2010_013_L,ROI_221,0.03712184720529359,0.8989339215346974
2010_013_L,ROI_222,0.02056511503083877,0.8951773475301895
2010_013_L,ROI_223,0.019140943639582905,0.9114456129129768
2010_013_L,ROI_224,0.019424773347283673,0.9114237086913761
2010_013_M,ROI_111,0.019487004064303887,0.8820085295038913
2010_013_M,ROI_112,0.054021019972255356,0.8703270081242758
2010_013_M,ROI_113,0.031003225758513046,0.8913594417051999
2010_013_M,ROI_114,0.057678135021898495,0.8586805334992214
2010_013_M,ROI_121,0.03389106239863298,0.8980008016945106
2010_013_M,ROI_122,0.011046755043174442,0.8963185574755823
2010_013_M,ROI_123,0.01758008318353144,0.9123086392440415
2010_013_M,ROI_124,0.0358390613900944,0.8841441911099526
2010_013_M,ROI_211,0.02879347253888901,0.9022721249066332
2010_013_M,ROI_212,0.04452637537485683,0.910273737057343
2010_013_M,ROI_213,0.04864160544223619,0.8866412723724243
2010_013_M,ROI_214,0.027014072559474644,0.9162163523775937
2010_013_M,ROI_221,0.031984770381267714,0.8940054716745558
2010_013_M,ROI_222,0.051678980865644715,0.8753233610713793
2010_013_M,ROI_223,0.09548670410829875,0.8734658830796459
2010_013_M,ROI_224,0.058404606370495014,0.885478158205431
2010_056_L,ROI_111,0.038606157254187715,0.8716960219743151
2010_056_L,ROI_112,0.024388377078579403,0.8602116385891053
2010_056_L,ROI_113,0.038890054787823675,0.8902182317598071
2010_056_L,ROI_114,0.030791683216799634,0.8871450694692388
2010_056_L,ROI_121,0.02173336485620785,0.872841612764028
2010_056_L,ROI_122,0.034252881112041104,0.8713806011832661
2010_056_L,ROI_123,0.043056038459163205,0.8683556281802192
2010_056_L,ROI_124,0.03557712418426011,0.8877014366978948
2010_056_L,ROI_211,0.016518749951396076,0.9241369189083812
2010_056_L,ROI_212,0.01883636982210595,0.9218961170386368
2010_056_L,ROI_213,0.02578590966293771,0.9207045273835627
2010_056_L,ROI_214,0.01568864347045982,0.9194888430847277
2010_056_L,ROI_221,0.04460637373386276,0.8897560526840338
2010_056_L,ROI_222,0.03162951825642775,0.911664655128983
2010_056_L,ROI_223,0.023587356235983972,0.9133293759706308
2010_056_L,ROI_224,0.016464844015258728,0.9384841840567932
2010_056_M,ROI_111,0.026364948923601302,0.8895698668004285
2010_056_M,ROI_112,0.025343028858641852,0.8781314822805799
2010_056_M,ROI_113,0.039399030853199235,0.8961323715919769
2010_056_M,ROI_114,0.024003485624490523,0.8792967868697334
2010_056_M,ROI_121,0.038479581725857186,0.8655124602164576
2010_056_M,ROI_122,0.007792524903590917,0.9026926859613653
2010_056_M,ROI_123,0.02602813909113986,0.8941128023603989
2010_056_M,ROI_124,0.055391835390728075,0.8623779661054075
2010_056_M,ROI_211,0.011481259832901002,0.9291376526998049
2010_056_M,ROI_212,0.022599654923645074,0.9155219885528538
2010_056_M,ROI_213,0.02774592996913342,0.9135330852315167
2010_056_M,ROI_214,0.022841067359065714,0.9286491885581108
2010_056_M,ROI_221,0.009226035884827169,0.9190157118981541
2010_056_M,ROI_222,0.02374436205598304,0.9083527368229679
2010_056_M,ROI_223,0.019495070679873945,0.921065947039973
2010_056_M,ROI_224,0.01722965840974332,0.9221348730540837
2010_067_L,ROI_111,0.018131632702267426,0.927507978612718
2010_067_L,ROI_112,0.004858706461071188,0.9295297382664561
2010_067_L,ROI_113,0.020627958634559043,0.9254752668481796
2010_067_L,ROI_114,0.019149796429122776,0.923330843553478
2010_067_L,ROI_121,0.01443351456776203,0.9359170092851995
2010_067_L,ROI_122,0.009443292465690544,0.9452701119086682
2010_067_L,ROI_123,0.009254942426166242,0.9420677147106562
2010_067_L,ROI_124,0.011270540132250083,0.9338448699217801
2010_067_L,ROI_211,0.013910540121072823,0.942269233549382
2010_067_L,ROI_212,0.025019217664279683,0.9423239941033835
2010_067_L,ROI_213,0.00853648691779836,0.955120440362471
2010_067_L,ROI_214,0.027134507464303886,0.9295100244670156
2010_067_L,ROI_221,0.005110475174883937,0.9602985983488598
2010_067_L,ROI_222,0.010809266777358304,0.9498480942231996
2010_067_L,ROI_223,0.009222929961391681,0.9537098084913905
2010_067_L,ROI_224,0.008836704094743648,0.9556921405462475
2010_067_M,ROI_111,0.021147693984790876,0.9208994749558083
2010_067_M,ROI_112,0.02112282971395741,0.9110688603014458
2010_067_M,ROI_113,0.03226985516834144,0.9014112889977285
2010_067_M,ROI_114,0.026455928825378307,0.8888535987540879
2010_067_M,ROI_121,0.010773367502747402,0.9321867203466124
2010_067_M,ROI_122,0.009533739478094595,0.9277598771611253
2010_067_M,ROI_123,0.019925977888679055,0.9151759018515638
2010_067_M,ROI_124,0.03142840831868455,0.9108213425973588
2010_067_M,ROI_211,0.012698009774706387,0.9468450254417534
2010_067_M,ROI_212,0.007890958287373339,0.9535740023174667
2010_067_M,ROI_213,0.01073280980940524,0.9427642689575562
2010_067_M,ROI_214,0.02366722559669461,0.9331417444083998
2010_067_M,ROI_221,0.022034336487330327,0.9330738413214379
2010_067_M,ROI_222,0.02026157133062778,0.9339741048292237
2010_067_M,ROI_223,0.03855429730027752,0.9105212547614302
2010_067_M,ROI_224,0.05120645936043968,0.8881110456418265
2010_121_L,ROI_111,0.1199075639546152,0.6567849421619029
2010_121_L,ROI_112,0.1271678819044776,0.6885592060157755
2010_121_L,ROI_113,0.14144841530571456,0.7142353345760328
2010_121_L,ROI_114,0.13117646939440414,0.7694230208988179
2010_121_L,ROI_121,0.060945521261560325,0.7855423375747208
2010_121_L,ROI_122,0.02410244315847458,0.8492923841211917
2010_121_L,ROI_123,0.049670323971286574,0.8495201880258382
2010_121_L,ROI_124,0.06248272774250435,0.8401188961148482
2010_121_L,ROI_211,0.0653359726750046,0.6960942582463918
2010_121_L,ROI_212,0.0993685520929721,0.6824654515664804
2010_121_L,ROI_213,0.0819493928929619,0.6867017280240421
2010_121_L,ROI_214,0.06453022931953109,0.6995156976604101
2010_121_L,ROI_221,0.06882085384873317,0.7400385076215739
2010_121_L,ROI_222,0.08390967628532597,0.7679006774975741
2010_121_L,ROI_223,0.036650837749372354,0.763822111435537
2010_121_L,ROI_224,0.09093429188461617,0.8029364799477804
2010_121_M,ROI_111,0.05110032140697886,0.7928035870353293
2010_121_M,ROI_112,0.06032657533337884,0.8077751224993593
2010_121_M,ROI_113,0.07384809167054235,0.7918792288837828
2010_121_M,ROI_114,0.07342136758714567,0.7978809856023551
2010_121_M,ROI_121,0.05688058378382697,0.8163703390554462
2010_121_M,ROI_122,0.06530773418724076,0.7886001669101685
2010_121_M,ROI_123,0.0956047114970298,0.77228590266202
2010_121_M,ROI_124,0.04652172632773442,0.8308972188209833
2010_121_M,ROI_211,0.02802397035481549,0.8578065550573563
2010_121_M,ROI_212,0.07965069666596357,0.8165850004271323
2010_121_M,ROI_213,0.07078239923071238,0.8166945215351354
2010_121_M,ROI_214,0.060769765167688734,0.8335870572335407
2010_121_M,ROI_221,0.05047926629245669,0.8441580345780042
2010_121_M,ROI_222,0.048846955013321314,0.80048758797283
2010_121_M,ROI_223,0.0636259260485946,0.840944685269192
2010_121_M,ROI_224,0.08395108969320857,0.8567485811540458
2010_206_L,ROI_111,0.0310720926963308,0.9094457574808393
2010_206_L,ROI_112,0.019852152581155972,0.9093625214387568
2010_206_L,ROI_113,0.011625936933179048,0.9228818070106651
2010_206_L,ROI_114,0.022833045621586983,0.9216420280680696
2010_206_L,ROI_121,0.02945978228427963,0.8926079823364357
2010_206_L,ROI_122,0.01629341899869936,0.8971574891628864
2010_206_L,ROI_123,0.019973039367931805,0.9046180670400606
2010_206_L,ROI_124,0.021219796613043438,0.9005460722445037
2010_206_L,ROI_211,0.0252988175051619,0.9287127108007527
2010_206_L,ROI_212,0.03053191981553679,0.9178394551982003
2010_206_L,ROI_213,0.024950881060138916,0.91399745472945
2010_206_L,ROI_214,0.022907017835434994,0.9259943969001145
2010_206_L,ROI_221,0.04493358308929224,0.8679569713470877
2010_206_L,ROI_222,0.04753221022043019,0.8513470001073307
2010_206_L,ROI_223,0.027136339345976656,0.929910871722307
2010_206_L,ROI_224,0.013564035563889524,0.9043004558268515
2010_206_M,ROI_111,0.012923495584324035,0.9337265871251367
2010_206_M,ROI_112,0.02585795166613221,0.9231534193585129
2010_206_M,ROI_113,0.017217793635115792,0.9239660659798963
2010_206_M,ROI_114,0.02552937540997735,0.9077021814414292
2010_206_M,ROI_121,0.009545848835286391,0.9317727305583605
2010_206_M,ROI_122,0.015086987279413211,0.9179577379948437
2010_206_M,ROI_123,0.022285396532023934,0.909434805370039
2010_206_M,ROI_124,0.017049396157218445,0.9217121215771916
2010_206_M,ROI_211,0.007505152706056748,0.9403044248718055
2010_206_M,ROI_212,0.011931948376150057,0.9467749319326314
2010_206_M,ROI_213,0.012817386551162215,0.9387295113387203
2010_206_M,ROI_214,0.018728383860560246,0.9204307246135548
2010_206_M,ROI_221,0.010782192900688086,0.9402737589615646
2010_206_M,ROI_222,0.026412748806733395,0.9308921808500152
2010_206_M,ROI_223,0.016087193814523927,0.939171976615053
2010_206_M,ROI_224,0.00790132625015652,0.9462010413266949
2010_211_L,ROI_111,0.01323268165706262,0.9280030140208922
2010_211_L,ROI_112,0.017156588002003734,0.9182841108966932
2010_211_L,ROI_113,0.04346500092411147,0.8791938370282104
2010_211_L,ROI_114,0.026130654296987344,0.9177452670453177
2010_211_L,ROI_121,0.02209374947551584,0.9172962305025048
2010_211_L,ROI_122,0.021761139817754502,0.915320469714128
2010_211_L,ROI_123,0.019301652352587167,0.9308352298738536
2010_211_L,ROI_124,0.010486919567091895,0.9301233426718332
2010_211_L,ROI_211,0.03865162608185926,0.9023246950384748
2010_211_L,ROI_212,0.0261821693740964,0.9051284354033553
2010_211_L,ROI_213,0.0217456002363753,0.9387798910484018
2010_211_L,ROI_214,0.03986431694893078,0.9187791463048673
2010_211_L,ROI_221,0.044652280213113266,0.890180994583086
2010_211_L,ROI_222,0.05166490462704038,0.9064404982772329
2010_211_L,ROI_223,0.02949906734287355,0.9378445807860549
2010_211_L,ROI_224,0.03463553792557067,0.9135265139650365
2010_211_M,ROI_111,0.08667962125488925,0.8507906328786747
2010_211_M,ROI_112,0.125425610651254,0.8309278847312243
2010_211_M,ROI_113,0.09069331047457235,0.8427364505961233
2010_211_M,ROI_114,0.04169123160850826,0.8487053509822948
2010_211_M,ROI_121,0.05061280181226205,0.8357446230612026
2010_211_M,ROI_122,0.05138713676731818,0.8335257254130588
2010_211_M,ROI_123,0.07622431885856337,0.8110782791167341
2010_211_M,ROI_124,0.040942294150717186,0.8628598589806213
2010_211_M,ROI_211,0.03428529495755624,0.8529087711074556
2010_211_M,ROI_212,0.03392899949911445,0.877645208561046
2010_211_M,ROI_213,0.02394194141351341,0.874372717853912
2010_211_M,ROI_214,0.02043106719899281,0.8811345510620262
2010_211_M,ROI_221,0.02481349294163841,0.9029467749319326
2010_211_M,ROI_222,0.023711032920532723,0.9122823541781208
2010_211_M,ROI_223,0.03167466294867998,0.8912652535523171
2010_211_M,ROI_224,0.053067136982027516,0.8682022986290148
2010_234_L,ROI_111,0.1743220194576189,0.7187344616928021
2010_234_L,ROI_112,0.12788045279322452,0.7421084565628333
2010_234_L,ROI_113,0.07603541312541379,0.8240893867475079
2010_234_L,ROI_114,0.05061618443636684,0.8322508997159023
2010_234_L,ROI_121,0.0992539150634527,0.8159651109558346
2010_234_L,ROI_122,0.11776726584709565,0.7455715139978928
2010_234_L,ROI_123,0.11397144326876484,0.7370179154628471
2010_234_L,ROI_124,0.10563235969807909,0.7903108866171777
2010_234_L,ROI_211,0.10422189915522449,0.8335454392124995
2010_234_L,ROI_212,0.13824148727060814,0.8014776587891784
2010_234_L,ROI_213,0.20126381043444844,0.7004334845454765
2010_234_L,ROI_214,0.1921486148813048,0.7340564647024421
2010_234_L,ROI_221,0.044997318334654174,0.8786856590870759
2010_234_L,ROI_222,0.04025174245245831,0.8901612807836454
2010_234_L,ROI_223,0.039420294115138296,0.8732008419982783
2010_234_L,ROI_224,0.03436239292243198,0.8856818674663168
2010_234_M,ROI_111,0.018951051992138195,0.8951707762637093
2010_234_M,ROI_112,0.03539312918435668,0.9029007760665713
2010_234_M,ROI_113,0.10379725812851254,0.8224290467501801
2010_234_M,ROI_114,0.10127012327946722,0.7716287760140011
2010_234_M,ROI_121,0.054953042655552266,0.8968530204826376
2010_234_M,ROI_122,0.039965739226477934,0.8556161328972933
2010_234_M,ROI_123,0.05671087759620542,0.7835140066545025
2010_234_M,ROI_124,0.077013176553419,0.8044982509479052
2010_234_M,ROI_211,0.051924973422218544,0.887118784403318
2010_234_M,ROI_212,0.060472697877597376,0.8404211743729368
2010_234_M,ROI_213,0.10173427187973248,0.8074728442412706
2010_234_M,ROI_214,0.14087705656700988,0.7787060300131644
2010_234_M,ROI_221,0.18532692677905158,0.747494704654428
2010_234_M,ROI_222,0.07260576303304625,0.741716370996182
2010_234_M,ROI_223,0.029784657641820162,0.8407190717867055
2010_234_M,ROI_224,0.04666888717832139,0.8628905248908623
2010_239_L,ROI_111,0.18214639311779635,0.5746003027163425
2010_239_L,ROI_112,0.23486102154611233,0.6211292502403988
2010_239_L,ROI_113,0.16914479382729752,0.5834693220424373
2010_239_L,ROI_114,0.12549449583381006,0.6286117323391738
2010_239_L,ROI_121,0.21767882223396703,0.5617096683043723
2010_239_L,ROI_122,0.25519074801500796,0.6187767368404913
2010_239_L,ROI_123,0.2564631519861935,0.5726311131944459
2010_239_L,ROI_124,0.44372253183771065,0.5474324966650823
2010_239_L,ROI_211,0.1688831261199973,0.7334321943868242
2010_239_L,ROI_212,0.1629793481412718,0.7217331496299282
2010_239_L,ROI_213,0.174554410618422,0.7499742625396193
2010_239_L,ROI_214,0.0860962295517106,0.8101517305430276
2010_239_L,ROI_221,0.05769728100198462,0.8469880600088054
2010_239_L,ROI_222,0.32633868228313545,0.7411687654561664
2010_239_L,ROI_223,0.35953291757042494,0.6845923514839015
2010_239_L,ROI_224,0.3965208699514279,0.6501961523044336
2010_239_M,ROI_111,0.35118119398917064,0.5252172351177242
2010_239_M,ROI_112,0.15818865338632745,0.7806598865799406
2010_239_M,ROI_113,0.04816065500376068,0.8405460284360605
2010_239_M,ROI_114,0.11985218735737438,0.8041455929801351
2010_239_M,ROI_121,0.27579620890853485,0.6968740485353743
2010_239_M,ROI_122,0.21446349962469563,0.7253363940832317
2010_239_M,ROI_123,0.16453652550036832,0.7142900951300344
2010_239_M,ROI_124,0.1171509941419437,0.7876079056716601
2010_239_M,ROI_211,0.3736071643951698,0.4887138498202759
2010_239_M,ROI_212,0.21054674111480673,0.5434481187559278
2010_239_M,ROI_213,0.22387721883304063,0.6184284597170413
2010_239_M,ROI_214,0.1391293738386498,0.6935205122083179
2010_239_M,ROI_221,0.39365499692416256,0.5398295413475039
2010_239_M,ROI_222,0.3195156045291686,0.5550551657821012
2010_239_M,ROI_223,0.46650980219384225,0.4665949668479606
2010_239_M,ROI_224,0.3813654925402637,0.5093520074123886
2010_240_L,ROI_111,0.020582270528661975,0.8823195694506202
2010_240_L,ROI_112,0.024211131071871592,0.8820939559681338
2010_240_L,ROI_113,0.055775263340908356,0.8690368494719988
2010_240_L,ROI_114,0.06132523268647668,0.8766923749214186
2010_240_L,ROI_121,0.03027562168331026,0.8911951600431951
2010_240_L,ROI_122,0.02036978223101759,0.8849217909767749
2010_240_L,ROI_123,0.018087200753125348,0.8970523488992034
2010_240_L,ROI_124,0.025200478402960413,0.9056826122098512
2010_240_L,ROI_211,0.022977314928555276,0.9107162023336758
2010_240_L,ROI_212,0.025450914013146485,0.9150006680787588
2010_240_L,ROI_213,0.018569214484485824,0.9088236775873814
2010_240_L,ROI_214,0.034694701336002616,0.8938652846563118
2010_240_L,ROI_221,0.012830814787799006,0.933426499289208
2010_240_L,ROI_222,0.07277235118205241,0.8992909603467877
2010_240_L,ROI_223,0.13024568744038362,0.8484162152571665
2010_240_L,ROI_224,0.03841627202515879,0.8839733381814677
2010_240_M,ROI_111,0.07757394040791984,0.7911826746368827
2010_240_M,ROI_112,0.10416010664972401,0.805328420946569
2010_240_M,ROI_113,0.1348915099879928,0.7583394847688996
2010_240_M,ROI_114,0.13140544192536316,0.6889469107381065
2010_240_M,ROI_121,0.08809154806430333,0.7143492365283561
2010_240_M,ROI_122,0.08970982639341005,0.7506160562325177
2010_240_M,ROI_123,0.06137242868627101,0.7870340150657236
2010_240_M,ROI_124,0.033911646752724206,0.8438163287210344
2010_240_M,ROI_211,0.0723319020497067,0.7349676803210283
2010_240_M,ROI_212,0.22085764030764515,0.6614812072730777
2010_240_M,ROI_213,0.20239303248967286,0.7411380995459255
2010_240_M,ROI_214,0.09285940525887385,0.826568944632699
2010_240_M,ROI_221,0.039635891647385825,0.8694902668591318
2010_240_M,ROI_222,0.03429576476754657,0.8842471409514756
2010_240_M,ROI_223,0.0382847217322462,0.8829438397662381
2010_240_M,ROI_224,0.05055449005665864,0.8842515217957957
2010_244_L,ROI_111,0.017723911738016337,0.9283031018568209
2010_244_L,ROI_112,0.011752487871114036,0.9354723535867068
2010_244_L,ROI_113,0.005436906770809092,0.9310170349131388
2010_244_L,ROI_114,0.00721390178555354,0.9376211577257285
2010_244_L,ROI_121,0.011012017667649497,0.9353606420565436
2010_244_L,ROI_122,0.010127012628985396,0.9343092394197133
2010_244_L,ROI_123,0.029456667100708715,0.9205533882545183
2010_244_L,ROI_124,0.022814363780183377,0.9271180834682269
2010_244_L,ROI_211,0.007997031507131672,0.9474079639368895
2010_244_L,ROI_212,0.011649890897092459,0.9510309221896336
2010_244_L,ROI_213,0.011838609973932246,0.9496334328515135
2010_244_L,ROI_214,0.006476057931629315,0.9552847220244758
2010_244_L,ROI_221,0.004870952834587598,0.9538083774885934
2010_244_L,ROI_222,0.019060387058949812,0.9446677458146508
2010_244_L,ROI_223,0.018098405764763466,0.9496860029833549
2010_244_L,ROI_224,0.008631954038070716,0.9525269805249565
2010_244_M,ROI_111,0.4522911497059208,0.5531735931466072
2010_244_M,ROI_112,0.11399708319797108,0.815877494069432
2010_244_M,ROI_113,0.011345475086939285,0.9102233573476616
2010_244_M,ROI_114,0.013412111959921615,0.9074108552941409
2010_244_M,ROI_121,0.04498808874372015,0.9047056839264631
2010_244_M,ROI_122,0.04797030106095991,0.8838024852529828
2010_244_M,ROI_123,0.02671764758426369,0.9011090107396399
2010_244_M,ROI_124,0.08793961654729276,0.8416061927615309
2010_244_M,ROI_211,0.011213488395581674,0.9354088313440649
2010_244_M,ROI_212,0.028683103429692703,0.9107490586660767
2010_244_M,ROI_213,0.027007486084137673,0.9261411551848387
2010_244_M,ROI_214,0.013423169960480206,0.933982866517864
2010_244_M,ROI_221,0.02570728473166558,0.916571200767524
2010_244_M,ROI_222,0.022362012149709343,0.9233724615745192
2010_244_M,ROI_223,0.010225094923040854,0.9340157228502649
2010_244_M,ROI_224,0.04072422510918515,0.9062389794385072
2010_245_L,ROI_111,0.019251307500938317,0.9139032665765673
2010_245_L,ROI_112,0.026038631773650078,0.9284673835188256
2010_245_L,ROI_113,0.011709077526703086,0.9257293558187469
2010_245_L,ROI_114,0.02976319253398812,0.9110622890349657
2010_245_L,ROI_121,0.020236929412674815,0.913682033938401
2010_245_L,ROI_122,0.009901658583095555,0.9332140283396819
2010_245_L,ROI_123,0.011650626590741573,0.9224831501775337
2010_245_L,ROI_124,0.02670962213400904,0.9011396766498807
2010_245_L,ROI_211,0.03773139987569542,0.9022107930861515
2010_245_L,ROI_212,0.03197763232930976,0.9092179535761927
2010_245_L,ROI_213,0.019441968021041037,0.8927437885103596
2010_245_L,ROI_214,0.05385654333262982,0.850729301058193
2010_245_L,ROI_221,0.03319201589272737,0.9340748642485867
2010_245_L,ROI_222,0.02200609181458537,0.9367493697060234
2010_245_L,ROI_223,0.011446407098006645,0.9418311491173694
2010_245_L,ROI_224,0.02246036944171259,0.9392705456122559
2010_245_M,ROI_111,0.022838979889130966,0.8999327540396861
2010_245_M,ROI_112,0.0312780698397416,0.8584439679059345
2010_245_M,ROI_113,0.03277601117958933,0.8679810659908485
2010_245_M,ROI_114,0.031043371073040896,0.883600966414257
2010_245_M,ROI_121,0.021503478383779587,0.8979876591615502
2010_245_M,ROI_122,0.03033233237928968,0.879351547423735
2010_245_M,ROI_123,0.02940894335329135,0.8781292918584199
2010_245_M,ROI_124,0.031808603370580085,0.8921041852396212
2010_245_M,ROI_211,0.022566308825797105,0.9027583986261672
2010_245_M,ROI_212,0.026703441894934413,0.8817982489765253
2010_245_M,ROI_213,0.08411299561703435,0.8488017295573376
2010_245_M,ROI_214,0.05661057580102528,0.8496998026429634
2010_245_M,ROI_221,0.01838813782412527,0.9024561203680785
2010_245_M,ROI_222,0.042138013783171085,0.8882950411032718
2010_245_M,ROI_223,0.03531626047859126,0.9034155252741861
2010_245_M,ROI_224,0.02665401111186563,0.9086133970600154
2010_246_L,ROI_111,0.012427858183437578,0.915565796996055
2010_246_L,ROI_112,0.029044156831605543,0.8789660331235639
2010_246_L,ROI_113,0.054251568603044316,0.8747932789086441
2010_246_L,ROI_114,0.03662963702457036,0.8563652572760349
2010_246_L,ROI_121,0.034444506103018996,0.9105628727824714
2010_246_L,ROI_122,0.01608841650824561,0.9176686022697155
2010_246_L,ROI_123,0.019558108749460183,0.9055336635029669
2010_246_L,ROI_124,0.0728120874167348,0.8353153003178303
2010_246_L,ROI_211,0.03354178163792305,0.9160082622723877
2010_246_L,ROI_212,0.038101788425039154,0.928309673123301
2010_246_L,ROI_213,0.07965597588735912,0.8848254124017322
2010_246_L,ROI_214,0.08407582477026482,0.8982548906650779
2010_246_L,ROI_221,0.03222265467724073,0.8967018813535933
2010_246_L,ROI_222,0.014727720674465813,0.9288682307741171
2010_246_L,ROI_223,0.02624121930988137,0.9225882904412167
2010_246_L,ROI_224,0.04113111994022352,0.9056672792547308
2010_250_L,ROI_111,0.015341606646838991,0.9353584516343835
2010_250_L,ROI_112,0.007669158014468953,0.9409878365857451
2010_250_L,ROI_113,0.016911825220898135,0.934922557624531
2010_250_L,ROI_114,0.012483467291162908,0.9394917782504222
2010_250_L,ROI_121,0.013724317891039818,0.9395574909152241
2010_250_L,ROI_122,0.004899143098411624,0.9434630136266162
2010_250_L,ROI_123,0.011133072420218531,0.9392442605463351
2010_250_L,ROI_124,0.006936918054425427,0.9435681538902992
2010_250_L,ROI_211,0.004825415471028088,0.9534338152992227
2010_250_L,ROI_212,0.011352051343091783,0.9533834355895412
2010_250_L,ROI_213,0.01020133582508384,0.95508539360791
2010_250_L,ROI_214,0.009414020447008488,0.9584038831804054
2010_250_L,ROI_221,0.01070687412499869,0.9359914836386417
2010_250_L,ROI_222,0.004298720266453491,0.9589230132323403
2010_250_L,ROI_223,0.021744295136576285,0.9504745549609777
2010_250_L,ROI_224,0.016148811159300204,0.9542946512081273
2010_250_M,ROI_111,0.00846842888669722,0.9351788370172583
2010_250_M,ROI_112,0.012523699547133426,0.9374634473302039
2010_250_M,ROI_113,0.012141945876608329,0.9374086867762024
2010_250_M,ROI_114,0.010853950351368356,0.931928250531725
2010_250_M,ROI_121,0.006614315281440979,0.9445428917515273
2010_250_M,ROI_122,0.011167438864151455,0.9409944078522253
2010_250_M,ROI_123,0.007073614765804348,0.947666433751777
2010_250_M,ROI_124,0.007157143929623834,0.946864739241194
2010_250_M,ROI_211,0.006695111948963179,0.9622984537809972
2010_250_M,ROI_212,0.012230762050223588,0.9537755211561925
2010_250_M,ROI_213,0.007656446175083289,0.9557534723667293
2010_250_M,ROI_214,0.004629105092146576,0.9574839058731789
2010_250_M,ROI_221,0.003587979625871896,0.9669706242484114
2010_250_M,ROI_222,0.004858590521626572,0.9645633502945022
2010_250_M,ROI_223,0.015033695442864042,0.957486096295339
2010_250_M,ROI_224,0.004417816591695249,0.9595253793263576
2011_024_L,ROI_111,0.013560133654658598,0.9159403591854258
2011_024_L,ROI_112,0.013963644594694949,0.9263251506462841
2011_024_L,ROI_113,0.015162197233125051,0.9272013195103093
2011_024_L,ROI_114,0.017038347026514054,0.9270983696687862
2011_024_L,ROI_121,0.032476766754795675,0.8865580363303419
2011_024_L,ROI_122,0.017696916511071976,0.908705394790738
2011_024_L,ROI_123,0.026654017960434123,0.8665923383413685
2011_024_L,ROI_124,0.05012243142305114,0.8429182556354086
2011_024_L,ROI_211,0.007142680863016001,0.9434126339169349
2011_024_L,ROI_212,0.007610339071129343,0.9453533479507505
2011_024_L,ROI_213,0.014644717840997957,0.9475065329340924
2011_024_L,ROI_214,0.00871250193528436,0.9461440903505333
2011_024_L,ROI_221,0.028314989659835397,0.9193508464886437
2011_024_L,ROI_222,0.05114214631817774,0.9133534706143915
2011_024_L,ROI_223,0.020852786999785784,0.9237295003866095
2011_024_L,ROI_224,0.019030574995923966,0.9301496277377539
2011_024_M,ROI_111,0.02526837789846429,0.9086396821259362
2011_024_M,ROI_112,0.02791956557550729,0.9035644739810704
2011_024_M,ROI_113,0.02459497100885332,0.9126656780561317
2011_024_M,ROI_114,0.02718841804349726,0.9152766612709268
2011_024_M,ROI_121,0.04346120009281397,0.8785739475569126
2011_024_M,ROI_122,0.045757040760576746,0.8841814282866737
2011_024_M,ROI_123,0.0164100979551432,0.8899290960346787
2011_024_M,ROI_124,0.01690084610782574,0.8985067892134851
2011_024_M,ROI_211,0.010301068697421062,0.9419340989588924
2011_024_M,ROI_212,0.01255127515001596,0.9304497155736825
2011_024_M,ROI_213,0.015746283513452555,0.930329242354879
2011_024_M,ROI_214,0.016096706811667416,0.9310717954671404
2011_024_M,ROI_221,0.006479326225167119,0.937082313874353
2011_024_M,ROI_222,0.013637287095327943,0.9332819314266438
2011_024_M,ROI_223,0.012987421090710627,0.9350474116876546
2011_024_M,ROI_224,0.011731388410335603,0.9435725347346194
2011_138_L,ROI_111,0.02361520343535922,0.9316741615611577
2011_138_L,ROI_112,0.040026287864109826,0.9022546015293528
2011_138_L,ROI_113,0.025400960925993258,0.8836732503455391
2011_138_L,ROI_114,0.021966284959257815,0.9085257801736129
2011_138_L,ROI_121,0.04573520879665843,0.890038617142682
2011_138_L,ROI_122,0.03143422075808078,0.905849084294016
2011_138_L,ROI_123,0.015968543642483818,0.9147049610871504
2011_138_L,ROI_124,0.046274481476906715,0.8840500029570699
2011_138_L,ROI_211,0.041579238138430466,0.90216041337647
2011_138_L,ROI_212,0.0367026232859123,0.9108476276632795
2011_138_L,ROI_213,0.0456885332516319,0.8938937601443926
2011_138_L,ROI_214,0.06796738243703804,0.8879599065127822
2011_138_L,ROI_221,0.024144930032075716,0.9009272057003547
2011_138_L,ROI_222,0.039274082553937925,0.9184067745376566
2011_138_L,ROI_223,0.04263874691300457,0.9191120904731969
2011_138_L,ROI_224,0.047884111305388416,0.9195107473063283
2011_138_M,ROI_111,0.04519900322211359,0.8619201678739543
2011_138_M,ROI_112,0.048766584299502085,0.8131854652347147
2011_138_M,ROI_113,0.04617666497813782,0.8384695082283209
2011_138_M,ROI_114,0.03452719260052853,0.8481927921968401
2011_138_M,ROI_121,0.023513778674798647,0.8715777391776717
2011_138_M,ROI_122,0.03072567796581256,0.8387849290193699
2011_138_M,ROI_123,0.03588573726231503,0.8781884332567416
2011_138_M,ROI_124,0.02229552259066312,0.8623100630184456
2011_138_M,ROI_211,0.05761874413370998,0.8604547754488723
2011_138_M,ROI_212,0.02783095404352701,0.8665551011646475
2011_138_M,ROI_213,0.043023181151656396,0.8842318079963551
2011_138_M,ROI_214,0.08269869877221105,0.8515331859909361
2011_138_M,ROI_221,0.051301768040684245,0.8800502920927951
2011_138_M,ROI_222,0.032858292275951204,0.8913484895943995
2011_138_M,ROI_223,0.023958906941138045,0.9129153861823789
2011_138_M,ROI_224,0.0280824363585844,0.9024451682572783
2012_154_L,ROI_111,0.00715286478097736,0.924233297483424
2012_154_L,ROI_112,0.019264651967140806,0.9207023369614026
2012_154_L,ROI_113,0.018135938879264957,0.912326162621322
2012_154_L,ROI_114,0.019035016071306556,0.9026094499192829
2012_154_L,ROI_121,0.010897840798511058,0.9234184604398806
2012_154_L,ROI_122,0.00961389894658856,0.9221589676978444
2012_154_L,ROI_123,0.01573261151160018,0.9262134391161209
2012_154_L,ROI_124,0.017413932894539463,0.9233658903080391
2012_154_L,ROI_211,0.028265929546368897,0.9208403335574865
2012_154_L,ROI_212,0.013358595047402177,0.9351875987058986
2012_154_L,ROI_213,0.018409296831733632,0.93802200498102
2012_154_L,ROI_214,0.0337436054125864,0.9126919631220525
2012_154_L,ROI_221,0.012320234364477572,0.9382782843737474
2012_154_L,ROI_222,0.007698954891684106,0.9430906418594056
2012_154_L,ROI_223,0.008850045522516017,0.943456442360136
2012_154_L,ROI_224,0.01197355698507929,0.9434432998271757
2012_154_M,ROI_111,0.0185485507266837,0.9137981263128843
2012_154_M,ROI_112,0.01595960561182246,0.9062762166152283
2012_154_M,ROI_113,0.016651652083284438,0.9090930995130692
2012_154_M,ROI_114,0.01790284350591551,0.9031088661717773
2012_154_M,ROI_121,0.015614452984865409,0.9009491099219552
2012_154_M,ROI_122,0.01301740473191413,0.9125517761038084
2012_154_M,ROI_123,0.016103896401851756,0.9017836607649392
2012_154_M,ROI_124,0.02142213067457848,0.9038820851942795
2012_154_M,ROI_211,0.02470847488940352,0.8996589512696782
2012_154_M,ROI_212,0.020920767094888635,0.9046290191508609
2012_154_M,ROI_213,0.03705727733973879,0.8997662819555213
2012_154_M,ROI_214,0.015616247094938982,0.9222246803626463
2012_154_M,ROI_221,0.019600223758652804,0.9219333542153579
2012_154_M,ROI_222,0.022190383016592,0.918417726648457
2012_154_M,ROI_223,0.027837888742944728,0.909434805370039
2012_154_M,ROI_224,0.020756909824729435,0.9224042949797715
2012_161_L,ROI_111,0.009687877513528306,0.9295494520658967
2012_161_L,ROI_112,0.012372832535892747,0.9384819936346332
2012_161_L,ROI_113,0.026407540083474533,0.9252233682997724
2012_161_L,ROI_114,0.017092527486408125,0.9346969441420445
2012_161_L,ROI_121,0.007171021944885621,0.9370428862754718
2012_161_L,ROI_122,0.026405336019267422,0.9324583326944602
2012_161_L,ROI_123,0.013199427056342796,0.9300269640967904
2012_161_L,ROI_124,0.012112371582441531,0.9237514046082101
2012_161_L,ROI_211,0.010489008535098676,0.941362398775116
2012_161_L,ROI_212,0.010847101641887718,0.9423897067681855
2012_161_L,ROI_213,0.01740912102680551,0.9459600948890879
2012_161_L,ROI_214,0.011083681355951211,0.9331198401867992
2012_161_L,ROI_221,0.011878772105911964,0.9396056802027455
2012_161_L,ROI_222,0.010130838855652158,0.935759298889675
2012_161_L,ROI_223,0.008778863510118019,0.9375554450609266
2012_161_L,ROI_224,0.013210069654327023,0.9322305287898136
2012_161_M,ROI_111,0.005517409358578671,0.9353715941673438
2012_161_M,ROI_112,0.012788264660228166,0.9217340257987922
2012_161_M,ROI_113,0.016072892151396793,0.9247195712029579
2012_161_M,ROI_114,0.014185658049763008,0.928898896684358
2012_161_M,ROI_121,0.011121523915706403,0.935375975011664
2012_161_M,ROI_122,0.007542659518572858,0.9310170349131388
2012_161_M,ROI_123,0.014744848319522687,0.9328022289735901
2012_161_M,ROI_124,0.004695126803350036,0.9316369243844366
2012_161_M,ROI_211,0.012528419678430436,0.9433096840754118
2012_161_M,ROI_212,0.013682538806449283,0.9444048951554433
2012_161_M,ROI_213,0.018801161124343213,0.9417763885633679
2012_161_M,ROI_214,0.016307049245265232,0.9382870460623876
2012_161_M,ROI_221,0.01048555944829555,0.9345348529021998
2012_161_M,ROI_222,0.014731300297301672,0.9287521383996338
2012_161_M,ROI_223,0.016152746342034008,0.9316632094503574
2012_161_M,ROI_224,0.009215644063598837,0.9400985251887596
2012_166_L,ROI_111,0.023641356822753767,0.8731460814442767
2012_166_L,ROI_112,0.0422419339680951,0.8645793403762707
2012_166_L,ROI_113,0.03890777960663284,0.8757483029704315
2012_166_L,ROI_114,0.029631368437041918,0.8655869345698997
2012_166_L,ROI_121,0.028258252714462383,0.8931227315440505
2012_166_L,ROI_122,0.024349457990787735,0.879734871301746
2012_166_L,ROI_123,0.026930974519848046,0.8863981355126573
2012_166_L,ROI_124,0.03031414322405596,0.8876444857217332
2012_166_L,ROI_211,0.03257562393748966,0.8806855145192133
2012_166_L,ROI_212,0.029647203358709098,0.8803153331741627
2012_166_L,ROI_213,0.044319471214792745,0.880641706076012
2012_166_L,ROI_214,0.057809958038489206,0.8768391332061428
2012_166_L,ROI_221,0.029810059868996448,0.871796781393678
2012_166_L,ROI_222,0.058976853553138815,0.8580869290938442
2012_166_L,ROI_223,0.02794996002717018,0.8829986003202397
2012_166_L,ROI_224,0.05332303513354175,0.8757001136829101
2012_166_M,ROI_111,0.05562748748009959,0.8721143926068872
2012_166_M,ROI_112,0.023193357539323157,0.8640251635697748
2012_166_M,ROI_113,0.03827299704798451,0.8664915789220057
2012_166_M,ROI_114,0.04970466825586741,0.8637995500872884
2012_166_M,ROI_121,0.04755688139063583,0.8355299616895164
2012_166_M,ROI_122,0.0839710317458926,0.8174524076025173
2012_166_M,ROI_123,0.04157497175501341,0.8368223107639535
2012_166_M,ROI_124,0.05683032183570063,0.8474370965516184
2012_166_M,ROI_211,0.03458213447437181,0.8906606970361398
2012_166_M,ROI_212,0.027585037940229026,0.8883651346123939
2012_166_M,ROI_213,0.036169260294654004,0.892200563814664
2012_166_M,ROI_214,0.03923718638034679,0.8768763703828639
2012_166_M,ROI_221,0.0230137228551524,0.8679482096584474
2012_166_M,ROI_222,0.02266761064232427,0.8818530095305268
2012_166_M,ROI_223,0.03231210282291448,0.8800349591376746
2012_166_M,ROI_224,0.02733165629389215,0.8708483285983708
2012_203_L,ROI_111,0.03788458533990508,0.8654861751505367
2012_203_L,ROI_112,0.0329147353412689,0.8829175547003174
2012_203_L,ROI_113,0.02496258450998008,0.8998057095544024
2012_203_L,ROI_114,0.04401278340656291,0.8942661319116033
2012_203_L,ROI_121,0.03201822878978533,0.8916748624962489
2012_203_L,ROI_122,0.04866400416975863,0.8571998081190187
2012_203_L,ROI_123,0.026831979892021924,0.871553644533911
2012_203_L,ROI_124,0.018070049686886764,0.8961608470800577
2012_203_L,ROI_211,0.021450295037702086,0.9243691036573479
2012_203_L,ROI_212,0.05771749667450311,0.8766529473225375
2012_203_L,ROI_213,0.03810811109467326,0.8776145426508051
2012_203_L,ROI_214,0.19565228965032336,0.8359395706334481
2012_203_L,ROI_221,0.057544220096763375,0.8734111225256443
2012_203_L,ROI_222,0.02122002646737291,0.904561116063899
2012_203_L,ROI_223,0.019989968035901695,0.9205862445869193
2012_203_L,ROI_224,0.03045552194894284,0.8926912183785181
2012_203_M,ROI_111,0.01340685949900152,0.9138791719328067
2012_203_M,ROI_112,0.01729745673434002,0.9168822407142528
2012_203_M,ROI_113,0.010189764834536858,0.9135615607195975
2012_203_M,ROI_114,0.00785784932642611,0.9162273044883941
2012_203_M,ROI_121,0.01389507609325026,0.9209717588870903
2012_203_M,ROI_122,0.012468601019419443,0.9228511411004243
2012_203_M,ROI_123,0.01323111828404179,0.9120326460518736
2012_203_M,ROI_124,0.012676463881659782,0.9180431644590862
2012_203_M,ROI_211,0.01713097960724757,0.9297312571051819
2012_203_M,ROI_212,0.020985112999403616,0.9199203562502601
2012_203_M,ROI_213,0.011043379702773509,0.9255585028902621
2012_203_M,ROI_214,0.017044962918905403,0.9199794976485818
2012_203_M,ROI_221,0.0203814315470449,0.9302284829355162
2012_203_M,ROI_222,0.009219416235330787,0.942166283707859
2012_203_M,ROI_223,0.023767304369442434,0.9225072448212944
2012_203_M,ROI_224,0.017363123280300558,0.9225641957974561
2012_204_L,ROI_111,0.025490159089146643,0.9096319433644446
2012_204_L,ROI_112,0.03917656302363756,0.9010914873623593
2012_204_L,ROI_113,0.09324899138916869,0.8551780484652807
2012_204_L,ROI_114,0.023607710394553134,0.9016281407915747
2012_204_L,ROI_121,0.013740200534686263,0.9197582650104155
2012_204_L,ROI_122,0.03597600152171503,0.8950787785329867
2012_204_L,ROI_123,0.02340301281631621,0.912534252726528
2012_204_L,ROI_124,0.014891208260615293,0.9140018355737701
2012_204_L,ROI_211,0.01284781427975706,0.9195567461716897
2012_204_L,ROI_212,0.024078398751867416,0.9251204184582494
2012_204_L,ROI_213,0.008108415958924201,0.9385520871437553
2012_204_L,ROI_214,0.011840054860873108,0.9355555896287892
2012_204_L,ROI_221,0.020146847103533354,0.9096363242087647
2012_204_L,ROI_222,0.013785458161464413,0.9336674457268149
2012_204_L,ROI_223,0.012376288170139124,0.9371370744283546
2012_204_L,ROI_224,0.015882737035744908,0.9329380351475139
2012_204_M,ROI_111,0.025870723796393973,0.92339874664044
2012_204_M,ROI_112,0.04776998915659345,0.9086528246588965
2012_204_M,ROI_113,0.0671283925018057,0.9046531137946217
2012_204_M,ROI_114,0.011773294162287147,0.9250459441048073
2012_204_M,ROI_121,0.02643030147848288,0.9148626714826749
2012_204_M,ROI_122,0.04850704370006572,0.9007870186821106
2012_204_M,ROI_123,0.010797246901951938,0.9238828299378139
2012_204_M,ROI_124,0.011642053695358966,0.9306337110351278
2012_204_M,ROI_211,0.05462430962803196,0.9205030085448368
2012_204_M,ROI_212,0.1010881321658041,0.876810657718062
2012_204_M,ROI_213,0.004030679819434884,0.9443829909338427
2012_204_M,ROI_214,0.011988108619720522,0.9346991345642046
2012_204_M,ROI_221,0.00799387367604366,0.9492873461502236
2012_204_M,ROI_222,0.027720675273434914,0.9355030194969477
2012_204_M,ROI_223,0.01818582849820783,0.9409900270079052
2012_204_M,ROI_224,0.02667315478915869,0.9366705145082612
2012_90_L,ROI_111,0.05748851551999205,0.8649013324338
2012_90_L,ROI_112,0.020192064567694932,0.9067800137120428
2012_90_L,ROI_113,0.09122188074209998,0.8606935314643192
2012_90_L,ROI_114,0.3669967633162254,0.7048625181531236
2012_90_L,ROI_121,0.18502795201731637,0.7902583164853362
2012_90_L,ROI_122,0.037816706859944406,0.8759191558989164
2012_90_L,ROI_123,0.02172236392815114,0.919495414351208
2012_90_L,ROI_124,0.027346378260808237,0.9032709574116219
2012_90_L,ROI_211,0.023527453193179258,0.9314726427224319
2012_90_L,ROI_212,0.05387103639323163,0.9124313028850051
2012_90_L,ROI_213,0.10579748152647832,0.8766814228106183
2012_90_L,ROI_214,0.13387844428997095,0.8314864423820403
2012_90_L,ROI_221,0.15277591727110823,0.8114396987731446
2012_90_L,ROI_222,0.04204139903187532,0.8927635023098002
2012_90_L,ROI_223,0.08287571652576622,0.8942245138905621
2012_90_L,ROI_224,0.011845881634266068,0.9311550315092227
2012_90_M,ROI_111,0.024537196688613157,0.8851233098155007
2012_90_M,ROI_112,0.04252467242278604,0.8826415615081494
2012_90_M,ROI_113,0.030838017206948603,0.8909476423391081
2012_90_M,ROI_114,0.047675514774049285,0.8793362144686145
2012_90_M,ROI_121,0.0196725648106163,0.9124575879509258
2012_90_M,ROI_122,0.08286267935243101,0.8633833698768764
2012_90_M,ROI_123,0.0909025985030979,0.8336264848324217
2012_90_M,ROI_124,0.032938845462889874,0.8969187331474395
2012_90_M,ROI_211,0.09120680268629937,0.8859490989698444
2012_90_M,ROI_212,0.19606171282596535,0.8431920584054164
2012_90_M,ROI_213,0.023892783670704628,0.8891931141888976
2012_90_M,ROI_214,0.04056587306056779,0.8679547809249276
2012_90_M,ROI_221,0.01801278099659636,0.9043135983598118
2012_90_M,ROI_222,0.02453774994750456,0.908249786981445
2012_90_M,ROI_223,0.013128510893094027,0.9029292515546521
2012_90_M,ROI_224,0.04096375912032191,0.8538090346152414
2015_138_L,ROI_111,0.010705180649379507,0.9186477209752636
2015_138_L,ROI_112,0.014978918527585927,0.9157147457029393
2015_138_L,ROI_113,0.028856232709736716,0.8988944939358162
2015_138_L,ROI_114,0.03161613964864782,0.9009206344338745
2015_138_L,ROI_121,0.021924554927761367,0.9038733235056392
2015_138_L,ROI_122,0.05151926704511686,0.8811608361279469
2015_138_L,ROI_123,0.043964860380521505,0.8548604372520716
2015_138_L,ROI_124,0.03528328595374744,0.9013828135096477
2015_138_L,ROI_211,0.07176369767630547,0.8628050984266198
2015_138_L,ROI_212,0.11914984134499178,0.8400575642943664
2015_138_L,ROI_213,0.038678704752385065,0.8989799204000587
2015_138_L,ROI_214,0.01941047805577935,0.9231534193585129
2015_138_L,ROI_221,0.021348981804424964,0.9393515912321782
2015_138_L,ROI_222,0.007504924410191634,0.9497473348038368
2015_138_L,ROI_223,0.013101511704709657,0.943033690883244
2015_138_L,ROI_224,0.00976090162157585,0.9404117555576487
2015_138_M,ROI_111,0.006405280549811672,0.939625394002186
2015_138_M,ROI_112,0.013791689465837755,0.9304431443072023
2015_138_M,ROI_113,0.009808500289569793,0.9410250737624662
2015_138_M,ROI_114,0.010451647768701442,0.9357067287578335
2015_138_M,ROI_121,0.01935319653139211,0.9332337421391225
2015_138_M,ROI_122,0.009352897051266077,0.9256505006209846
2015_138_M,ROI_123,0.0328378547107803,0.9173794665445871
2015_138_M,ROI_124,0.016914003959620325,0.9279438726225705
2015_138_M,ROI_211,0.006452596810686951,0.9493990576803868
2015_138_M,ROI_212,0.0067619707830550045,0.9501635150142487
2015_138_M,ROI_213,0.014005979108488378,0.9445976523055288
2015_138_M,ROI_214,0.0033891602125607325,0.9506191228235418
2015_138_M,ROI_221,0.009675795968835029,0.9439558586126304
2015_138_M,ROI_222,0.010329304953109126,0.944251565604239
2015_138_M,ROI_223,0.006107891924544916,0.945092687713703
2015_138_M,ROI_224,0.02042684019435927,0.9413864934188766
